iterations,median_vertex_degree,median_pagerank,median_betweeness_centrality,num_opinions
700,19.0,0.04999999999999998,0.0,2
109,19.0,0.04999999999999998,0.0,2
700,19.0,0.04999999999999998,0.0,2
95,19.0,0.04999999999999998,0.0,2
700,19.0,0.04999999999999998,0.0,2
113,19.0,0.04999999999999998,0.0,2
139,19.0,0.04999999999999998,0.0,2
102,19.0,0.04999999999999998,0.0,2
80,19.0,0.04999999999999998,0.0,2
83,19.0,0.04999999999999998,0.0,2
106,19.0,0.04999999999999998,0.0,2
134,19.0,0.04999999999999998,0.0,2
86,19.0,0.04999999999999998,0.0,2
100,19.0,0.04999999999999998,0.0,2
133,19.0,0.04999999999999998,0.0,2
99,19.0,0.04999999999999998,0.0,2
130,19.0,0.04999999999999998,0.0,2
87,19.0,0.04999999999999998,0.0,2
700,19.0,0.04999999999999998,0.0,1
112,19.0,0.04999999999999998,0.0,2
90,19.0,0.04999999999999998,0.0,2
72,19.0,0.04999999999999998,0.0,2
700,19.0,0.04999999999999998,0.0,1
94,19.0,0.04999999999999998,0.0,2
700,19.0,0.04999999999999998,0.0,2
114,19.0,0.04999999999999998,0.0,2
110,19.0,0.04999999999999998,0.0,2
700,19.0,0.04999999999999998,0.0,2
108,19.0,0.04999999999999998,0.0,2
88,19.0,0.04999999999999998,0.0,2
700,19.0,0.04999999999999998,0.0,1
314,19.0,0.04999999999999998,0.0,2
110,19.0,0.04999999999999998,0.0,2
146,19.0,0.04999999999999998,0.0,2
88,19.0,0.04999999999999998,0.0,2
700,19.0,0.04999999999999998,0.0,2
117,19.0,0.04999999999999998,0.0,2
77,19.0,0.04999999999999998,0.0,2
103,19.0,0.04999999999999998,0.0,2
114,19.0,0.04999999999999998,0.0,2
674,19.0,0.04999999999999998,0.0,2
88,19.0,0.04999999999999998,0.0,2
111,19.0,0.04999999999999998,0.0,2
700,19.0,0.04999999999999998,0.0,2
700,19.0,0.04999999999999998,0.0,1
700,19.0,0.04999999999999998,0.0,1
87,19.0,0.04999999999999998,0.0,2
89,19.0,0.04999999999999998,0.0,2
393,19.0,0.04999999999999998,0.0,2
700,19.0,0.04999999999999998,0.0,1
700,19.0,0.04999999999999998,0.0,1
251,19.0,0.04999999999999998,0.0,2
432,19.0,0.04999999999999998,0.0,2
700,19.0,0.04999999999999998,0.0,1
396,19.0,0.04999999999999998,0.0,2
700,19.0,0.04999999999999998,0.0,2
95,19.0,0.04999999999999998,0.0,2
93,19.0,0.04999999999999998,0.0,2
700,19.0,0.04999999999999998,0.0,1
700,19.0,0.04999999999999998,0.0,1
197,19.0,0.04999999999999998,0.0,2
105,19.0,0.04999999999999998,0.0,2
92,19.0,0.04999999999999998,0.0,2
100,19.0,0.04999999999999998,0.0,2
81,19.0,0.04999999999999998,0.0,2
107,19.0,0.04999999999999998,0.0,2
122,19.0,0.04999999999999998,0.0,2
98,19.0,0.04999999999999998,0.0,2
700,19.0,0.04999999999999998,0.0,1
90,19.0,0.04999999999999998,0.0,2
93,19.0,0.04999999999999998,0.0,2
85,19.0,0.04999999999999998,0.0,2
74,19.0,0.04999999999999998,0.0,2
89,19.0,0.04999999999999998,0.0,2
700,19.0,0.04999999999999998,0.0,1
700,19.0,0.04999999999999998,0.0,2
148,19.0,0.04999999999999998,0.0,2
700,19.0,0.04999999999999998,0.0,2
87,19.0,0.04999999999999998,0.0,2
122,19.0,0.04999999999999998,0.0,2
111,19.0,0.04999999999999998,0.0,2
199,19.0,0.04999999999999998,0.0,2
700,19.0,0.04999999999999998,0.0,1
700,19.0,0.04999999999999998,0.0,1
135,19.0,0.04999999999999998,0.0,2
254,19.0,0.04999999999999998,0.0,2
74,19.0,0.04999999999999998,0.0,2
700,19.0,0.04999999999999998,0.0,1
700,19.0,0.04999999999999998,0.0,2
700,19.0,0.04999999999999998,0.0,1
76,19.0,0.04999999999999998,0.0,2
95,19.0,0.04999999999999998,0.0,2
84,19.0,0.04999999999999998,0.0,2
99,19.0,0.04999999999999998,0.0,2
121,19.0,0.04999999999999998,0.0,2
90,19.0,0.04999999999999998,0.0,2
144,19.0,0.04999999999999998,0.0,2
87,19.0,0.04999999999999998,0.0,2
700,19.0,0.04999999999999998,0.0,2
700,19.0,0.04999999999999998,0.0,1
118,19.0,0.04999999999999998,0.0,2
700,19.0,0.04999999999999998,0.0,2
700,19.0,0.04999999999999998,0.0,2
195,19.0,0.04999999999999998,0.0,2
106,19.0,0.04999999999999998,0.0,2
82,19.0,0.04999999999999998,0.0,2
87,19.0,0.04999999999999998,0.0,2
103,19.0,0.04999999999999998,0.0,2
700,19.0,0.04999999999999998,0.0,2
117,19.0,0.04999999999999998,0.0,2
72,19.0,0.04999999999999998,0.0,2
700,19.0,0.04999999999999998,0.0,1
89,19.0,0.04999999999999998,0.0,2
700,19.0,0.04999999999999998,0.0,1
90,19.0,0.04999999999999998,0.0,2
97,19.0,0.04999999999999998,0.0,2
651,19.0,0.04999999999999998,0.0,2
700,19.0,0.04999999999999998,0.0,1
84,19.0,0.04999999999999998,0.0,2
115,19.0,0.04999999999999998,0.0,2
89,19.0,0.04999999999999998,0.0,2
700,19.0,0.04999999999999998,0.0,1
114,19.0,0.04999999999999998,0.0,2
101,19.0,0.04999999999999998,0.0,2
99,19.0,0.04999999999999998,0.0,2
78,19.0,0.04999999999999998,0.0,2
97,19.0,0.04999999999999998,0.0,2
97,19.0,0.04999999999999998,0.0,2
112,19.0,0.04999999999999998,0.0,2
700,19.0,0.04999999999999998,0.0,2
700,19.0,0.04999999999999998,0.0,1
700,19.0,0.04999999999999998,0.0,2
106,19.0,0.04999999999999998,0.0,2
700,19.0,0.04999999999999998,0.0,1
110,19.0,0.04999999999999998,0.0,2
101,19.0,0.04999999999999998,0.0,2
93,19.0,0.04999999999999998,0.0,2
96,19.0,0.04999999999999998,0.0,2
700,19.0,0.04999999999999998,0.0,1
129,19.0,0.04999999999999998,0.0,2
700,19.0,0.04999999999999998,0.0,1
126,19.0,0.04999999999999998,0.0,2
83,19.0,0.04999999999999998,0.0,2
700,19.0,0.04999999999999998,0.0,2
700,19.0,0.04999999999999998,0.0,2
700,19.0,0.04999999999999998,0.0,1
127,19.0,0.04999999999999998,0.0,2
700,19.0,0.04999999999999998,0.0,2
150,19.0,0.04999999999999998,0.0,2
103,19.0,0.04999999999999998,0.0,2
90,19.0,0.04999999999999998,0.0,2
77,19.0,0.04999999999999998,0.0,2
700,19.0,0.04999999999999998,0.0,2
104,19.0,0.04999999999999998,0.0,2
78,19.0,0.04999999999999998,0.0,2
267,19.0,0.04999999999999998,0.0,2
97,19.0,0.04999999999999998,0.0,2
103,19.0,0.04999999999999998,0.0,2
102,19.0,0.04999999999999998,0.0,2
700,19.0,0.04999999999999998,0.0,1
111,19.0,0.04999999999999998,0.0,2
700,19.0,0.04999999999999998,0.0,2
123,19.0,0.04999999999999998,0.0,2
104,19.0,0.04999999999999998,0.0,2
700,19.0,0.04999999999999998,0.0,2
85,19.0,0.04999999999999998,0.0,2
125,19.0,0.04999999999999998,0.0,2
121,19.0,0.04999999999999998,0.0,2
700,19.0,0.04999999999999998,0.0,2
92,19.0,0.04999999999999998,0.0,2
105,19.0,0.04999999999999998,0.0,2
155,19.0,0.04999999999999998,0.0,2
700,19.0,0.04999999999999998,0.0,2
700,19.0,0.04999999999999998,0.0,2
100,19.0,0.04999999999999998,0.0,2
107,19.0,0.04999999999999998,0.0,2
222,19.0,0.04999999999999998,0.0,2
111,19.0,0.04999999999999998,0.0,2
87,19.0,0.04999999999999998,0.0,2
700,19.0,0.04999999999999998,0.0,1
700,19.0,0.04999999999999998,0.0,2
700,19.0,0.04999999999999998,0.0,2
103,19.0,0.04999999999999998,0.0,2
120,19.0,0.04999999999999998,0.0,2
700,19.0,0.04999999999999998,0.0,2
96,19.0,0.04999999999999998,0.0,2
665,19.0,0.04999999999999998,0.0,2
700,19.0,0.04999999999999998,0.0,1
164,19.0,0.04999999999999998,0.0,2
131,19.0,0.04999999999999998,0.0,2
700,19.0,0.04999999999999998,0.0,2
102,19.0,0.04999999999999998,0.0,2
94,19.0,0.04999999999999998,0.0,2
700,19.0,0.04999999999999998,0.0,2
700,19.0,0.04999999999999998,0.0,1
96,19.0,0.04999999999999998,0.0,2
104,19.0,0.04999999999999998,0.0,2
117,19.0,0.04999999999999998,0.0,2
113,19.0,0.04999999999999998,0.0,2
109,19.0,0.04999999999999998,0.0,2
700,19.0,0.04999999999999998,0.0,2
87,19.0,0.04999999999999998,0.0,2
77,19.0,0.04999999999999998,0.0,2
95,19.0,0.04999999999999998,0.0,2
481,19.0,0.04999999999999998,0.0,2
700,19.0,0.04999999999999998,0.0,1
95,19.0,0.04999999999999998,0.0,2
700,19.0,0.04999999999999998,0.0,2
700,19.0,0.04999999999999998,0.0,2
163,19.0,0.04999999999999998,0.0,2
91,19.0,0.04999999999999998,0.0,2
700,19.0,0.04999999999999998,0.0,1
700,19.0,0.04999999999999998,0.0,1
111,19.0,0.04999999999999998,0.0,2
121,19.0,0.04999999999999998,0.0,2
90,19.0,0.04999999999999998,0.0,2
78,19.0,0.04999999999999998,0.0,2
82,19.0,0.04999999999999998,0.0,2
700,19.0,0.04999999999999998,0.0,1
114,19.0,0.04999999999999998,0.0,2
87,19.0,0.04999999999999998,0.0,2
87,19.0,0.04999999999999998,0.0,2
143,19.0,0.04999999999999998,0.0,2
90,19.0,0.04999999999999998,0.0,2
700,19.0,0.04999999999999998,0.0,2
138,19.0,0.04999999999999998,0.0,2
90,19.0,0.04999999999999998,0.0,2
700,19.0,0.04999999999999998,0.0,1
85,19.0,0.04999999999999998,0.0,2
117,19.0,0.04999999999999998,0.0,2
700,19.0,0.04999999999999998,0.0,1
563,19.0,0.04999999999999998,0.0,2
114,19.0,0.04999999999999998,0.0,2
108,19.0,0.04999999999999998,0.0,2
700,19.0,0.04999999999999998,0.0,1
115,19.0,0.04999999999999998,0.0,2
129,19.0,0.04999999999999998,0.0,2
160,19.0,0.04999999999999998,0.0,2
88,19.0,0.04999999999999998,0.0,2
700,19.0,0.04999999999999998,0.0,2
99,19.0,0.04999999999999998,0.0,2
128,19.0,0.04999999999999998,0.0,2
700,19.0,0.04999999999999998,0.0,2
95,19.0,0.04999999999999998,0.0,2
700,19.0,0.04999999999999998,0.0,1
246,19.0,0.04999999999999998,0.0,2
700,19.0,0.04999999999999998,0.0,1
700,19.0,0.04999999999999998,0.0,1
118,19.0,0.04999999999999998,0.0,2
130,19.0,0.04999999999999998,0.0,2
144,19.0,0.04999999999999998,0.0,2
700,19.0,0.04999999999999998,0.0,1
700,19.0,0.04999999999999998,0.0,2
84,19.0,0.04999999999999998,0.0,2
700,19.0,0.04999999999999998,0.0,2
105,19.0,0.04999999999999998,0.0,2
85,19.0,0.04999999999999998,0.0,2
90,19.0,0.04999999999999998,0.0,2
700,19.0,0.04999999999999998,0.0,1
120,19.0,0.04999999999999998,0.0,2
700,19.0,0.04999999999999998,0.0,2
90,19.0,0.04999999999999998,0.0,2
700,19.0,0.04999999999999998,0.0,2
110,19.0,0.04999999999999998,0.0,2
119,19.0,0.04999999999999998,0.0,2
89,19.0,0.04999999999999998,0.0,2
114,19.0,0.04999999999999998,0.0,2
236,19.0,0.04999999999999998,0.0,2
114,19.0,0.04999999999999998,0.0,2
101,19.0,0.04999999999999998,0.0,2
700,19.0,0.04999999999999998,0.0,1
97,19.0,0.04999999999999998,0.0,2
108,19.0,0.04999999999999998,0.0,2
101,19.0,0.04999999999999998,0.0,2
700,19.0,0.04999999999999998,0.0,1
700,19.0,0.04999999999999998,0.0,2
88,19.0,0.04999999999999998,0.0,2
700,19.0,0.04999999999999998,0.0,1
700,19.0,0.04999999999999998,0.0,1
237,19.0,0.04999999999999998,0.0,2
74,19.0,0.04999999999999998,0.0,2
98,19.0,0.04999999999999998,0.0,2
75,19.0,0.04999999999999998,0.0,2
83,19.0,0.04999999999999998,0.0,2
700,19.0,0.04999999999999998,0.0,2
700,19.0,0.04999999999999998,0.0,1
84,19.0,0.04999999999999998,0.0,2
700,19.0,0.04999999999999998,0.0,2
700,19.0,0.04999999999999998,0.0,1
700,19.0,0.04999999999999998,0.0,2
110,19.0,0.04999999999999998,0.0,2
90,19.0,0.04999999999999998,0.0,2
75,19.0,0.04999999999999998,0.0,2
101,19.0,0.04999999999999998,0.0,2
131,19.0,0.04999999999999998,0.0,2
88,19.0,0.04999999999999998,0.0,2
584,19.0,0.04999999999999998,0.0,2
700,19.0,0.04999999999999998,0.0,2
433,19.0,0.04999999999999998,0.0,2
99,19.0,0.04999999999999998,0.0,2
700,19.0,0.04999999999999998,0.0,2
65,19.0,0.04999999999999998,0.0,2
159,19.0,0.04999999999999998,0.0,2
131,19.0,0.04999999999999998,0.0,2
89,19.0,0.04999999999999998,0.0,2
86,19.0,0.04999999999999998,0.0,2
103,19.0,0.04999999999999998,0.0,2
103,19.0,0.04999999999999998,0.0,2
101,19.0,0.04999999999999998,0.0,2
132,19.0,0.04999999999999998,0.0,2
112,19.0,0.04999999999999998,0.0,2
128,19.0,0.04999999999999998,0.0,2
700,19.0,0.04999999999999998,0.0,2
700,19.0,0.04999999999999998,0.0,2
700,19.0,0.04999999999999998,0.0,2
151,19.0,0.04999999999999998,0.0,2
119,19.0,0.04999999999999998,0.0,2
85,19.0,0.04999999999999998,0.0,2
95,19.0,0.04999999999999998,0.0,2
108,19.0,0.04999999999999998,0.0,2
593,19.0,0.04999999999999998,0.0,2
700,19.0,0.04999999999999998,0.0,1
87,19.0,0.04999999999999998,0.0,2
168,19.0,0.04999999999999998,0.0,2
95,19.0,0.04999999999999998,0.0,2
203,19.0,0.04999999999999998,0.0,2
700,19.0,0.04999999999999998,0.0,1
700,19.0,0.04999999999999998,0.0,2
68,19.0,0.04999999999999998,0.0,2
82,19.0,0.04999999999999998,0.0,2
700,19.0,0.04999999999999998,0.0,2
700,19.0,0.04999999999999998,0.0,1
112,19.0,0.04999999999999998,0.0,2
246,19.0,0.04999999999999998,0.0,2
270,19.0,0.04999999999999998,0.0,2
103,19.0,0.04999999999999998,0.0,2
700,19.0,0.04999999999999998,0.0,2
700,19.0,0.04999999999999998,0.0,2
160,19.0,0.04999999999999998,0.0,2
700,19.0,0.04999999999999998,0.0,2
93,19.0,0.04999999999999998,0.0,2
700,19.0,0.04999999999999998,0.0,2
700,19.0,0.04999999999999998,0.0,1
109,19.0,0.04999999999999998,0.0,2
700,19.0,0.04999999999999998,0.0,2
91,19.0,0.04999999999999998,0.0,2
700,19.0,0.04999999999999998,0.0,1
99,19.0,0.04999999999999998,0.0,2
700,19.0,0.04999999999999998,0.0,2
185,19.0,0.04999999999999998,0.0,2
700,19.0,0.04999999999999998,0.0,2
700,19.0,0.04999999999999998,0.0,2
232,19.0,0.04999999999999998,0.0,2
700,19.0,0.04999999999999998,0.0,1
700,19.0,0.04999999999999998,0.0,1
100,19.0,0.04999999999999998,0.0,2
104,19.0,0.04999999999999998,0.0,2
234,19.0,0.04999999999999998,0.0,2
83,19.0,0.04999999999999998,0.0,2
700,19.0,0.04999999999999998,0.0,2
700,19.0,0.04999999999999998,0.0,2
700,19.0,0.04999999999999998,0.0,1
143,19.0,0.04999999999999998,0.0,2
144,19.0,0.04999999999999998,0.0,2
700,19.0,0.04999999999999998,0.0,2
664,19.0,0.04999999999999998,0.0,2
700,19.0,0.04999999999999998,0.0,1
104,19.0,0.04999999999999998,0.0,2
700,19.0,0.04999999999999998,0.0,2
115,19.0,0.04999999999999998,0.0,2
122,19.0,0.04999999999999998,0.0,2
88,19.0,0.04999999999999998,0.0,2
111,19.0,0.04999999999999998,0.0,2
700,19.0,0.04999999999999998,0.0,2
700,19.0,0.04999999999999998,0.0,1
74,19.0,0.04999999999999998,0.0,2
109,19.0,0.04999999999999998,0.0,2
306,19.0,0.04999999999999998,0.0,2
700,19.0,0.04999999999999998,0.0,1
700,19.0,0.04999999999999998,0.0,1
77,19.0,0.04999999999999998,0.0,2
700,19.0,0.04999999999999998,0.0,1
96,19.0,0.04999999999999998,0.0,2
106,19.0,0.04999999999999998,0.0,2
113,19.0,0.04999999999999998,0.0,2
93,19.0,0.04999999999999998,0.0,2
77,19.0,0.04999999999999998,0.0,2
107,19.0,0.04999999999999998,0.0,2
112,19.0,0.04999999999999998,0.0,2
163,19.0,0.04999999999999998,0.0,2
110,19.0,0.04999999999999998,0.0,2
106,19.0,0.04999999999999998,0.0,2
700,19.0,0.04999999999999998,0.0,1
128,19.0,0.04999999999999998,0.0,2
88,19.0,0.04999999999999998,0.0,2
700,19.0,0.04999999999999998,0.0,2
127,19.0,0.04999999999999998,0.0,2
283,19.0,0.04999999999999998,0.0,2
700,19.0,0.04999999999999998,0.0,2
101,19.0,0.04999999999999998,0.0,2
85,19.0,0.04999999999999998,0.0,2
115,19.0,0.04999999999999998,0.0,2
700,19.0,0.04999999999999998,0.0,2
700,19.0,0.04999999999999998,0.0,2
129,19.0,0.04999999999999998,0.0,2
98,19.0,0.04999999999999998,0.0,2
700,19.0,0.04999999999999998,0.0,2
86,19.0,0.04999999999999998,0.0,2
700,19.0,0.04999999999999998,0.0,2
119,19.0,0.04999999999999998,0.0,2
83,19.0,0.04999999999999998,0.0,2
700,19.0,0.04999999999999998,0.0,1
700,19.0,0.04999999999999998,0.0,2
126,19.0,0.04999999999999998,0.0,2
381,19.0,0.04999999999999998,0.0,2
100,19.0,0.04999999999999998,0.0,2
90,19.0,0.04999999999999998,0.0,2
178,19.0,0.04999999999999998,0.0,2
700,19.0,0.04999999999999998,0.0,1
700,19.0,0.04999999999999998,0.0,1
122,19.0,0.04999999999999998,0.0,2
140,19.0,0.04999999999999998,0.0,2
700,19.0,0.04999999999999998,0.0,1
700,19.0,0.04999999999999998,0.0,1
102,19.0,0.04999999999999998,0.0,2
86,19.0,0.04999999999999998,0.0,2
77,19.0,0.04999999999999998,0.0,2
82,19.0,0.04999999999999998,0.0,2
138,19.0,0.04999999999999998,0.0,2
146,19.0,0.04999999999999998,0.0,2
700,19.0,0.04999999999999998,0.0,2
92,19.0,0.04999999999999998,0.0,2
700,19.0,0.04999999999999998,0.0,2
171,19.0,0.04999999999999998,0.0,2
700,19.0,0.04999999999999998,0.0,2
122,19.0,0.04999999999999998,0.0,2
113,19.0,0.04999999999999998,0.0,2
120,19.0,0.04999999999999998,0.0,2
100,19.0,0.04999999999999998,0.0,2
110,19.0,0.04999999999999998,0.0,2
700,19.0,0.04999999999999998,0.0,1
87,19.0,0.04999999999999998,0.0,2
379,19.0,0.04999999999999998,0.0,2
329,19.0,0.04999999999999998,0.0,2
92,19.0,0.04999999999999998,0.0,2
91,19.0,0.04999999999999998,0.0,2
700,19.0,0.04999999999999998,0.0,1
81,19.0,0.04999999999999998,0.0,2
700,19.0,0.04999999999999998,0.0,1
100,19.0,0.04999999999999998,0.0,2
700,19.0,0.04999999999999998,0.0,2
243,19.0,0.04999999999999998,0.0,2
700,19.0,0.04999999999999998,0.0,2
114,19.0,0.04999999999999998,0.0,2
700,19.0,0.04999999999999998,0.0,2
77,19.0,0.04999999999999998,0.0,2
700,19.0,0.04999999999999998,0.0,2
700,19.0,0.04999999999999998,0.0,2
88,19.0,0.04999999999999998,0.0,2
155,19.0,0.04999999999999998,0.0,2
124,19.0,0.04999999999999998,0.0,2
700,19.0,0.04999999999999998,0.0,2
218,19.0,0.04999999999999998,0.0,2
700,19.0,0.04999999999999998,0.0,1
112,19.0,0.04999999999999998,0.0,2
107,19.0,0.04999999999999998,0.0,2
127,19.0,0.04999999999999998,0.0,2
700,19.0,0.04999999999999998,0.0,1
198,19.0,0.04999999999999998,0.0,2
94,19.0,0.04999999999999998,0.0,2
152,19.0,0.04999999999999998,0.0,2
84,19.0,0.04999999999999998,0.0,2
92,19.0,0.04999999999999998,0.0,2
700,19.0,0.04999999999999998,0.0,1
111,19.0,0.04999999999999998,0.0,2
700,19.0,0.04999999999999998,0.0,2
363,19.0,0.04999999999999998,0.0,2
700,19.0,0.04999999999999998,0.0,1
117,19.0,0.04999999999999998,0.0,2
146,19.0,0.04999999999999998,0.0,2
140,19.0,0.04999999999999998,0.0,2
111,19.0,0.04999999999999998,0.0,2
123,19.0,0.04999999999999998,0.0,2
111,19.0,0.04999999999999998,0.0,2
458,19.0,0.04999999999999998,0.0,2
131,19.0,0.04999999999999998,0.0,2
105,19.0,0.04999999999999998,0.0,2
700,19.0,0.04999999999999998,0.0,2
99,19.0,0.04999999999999998,0.0,2
101,19.0,0.04999999999999998,0.0,2
700,19.0,0.04999999999999998,0.0,1
105,19.0,0.04999999999999998,0.0,2
122,19.0,0.04999999999999998,0.0,2
127,19.0,0.04999999999999998,0.0,2
700,19.0,0.04999999999999998,0.0,2
700,19.0,0.04999999999999998,0.0,1
126,19.0,0.04999999999999998,0.0,2
110,19.0,0.04999999999999998,0.0,2
700,19.0,0.04999999999999998,0.0,2
700,19.0,0.04999999999999998,0.0,1
91,19.0,0.04999999999999998,0.0,2
122,19.0,0.04999999999999998,0.0,2
700,19.0,0.04999999999999998,0.0,2
700,19.0,0.04999999999999998,0.0,2
700,19.0,0.04999999999999998,0.0,2
94,19.0,0.04999999999999998,0.0,2
99,19.0,0.04999999999999998,0.0,2
87,19.0,0.04999999999999998,0.0,2
700,19.0,0.04999999999999998,0.0,2
700,19.0,0.04999999999999998,0.0,1
89,19.0,0.04999999999999998,0.0,2
700,19.0,0.04999999999999998,0.0,2
634,19.0,0.04999999999999998,0.0,2
650,19.0,0.04999999999999998,0.0,2
700,19.0,0.04999999999999998,0.0,1
95,19.0,0.04999999999999998,0.0,2
700,19.0,0.04999999999999998,0.0,1
192,19.0,0.04999999999999998,0.0,2
114,19.0,0.04999999999999998,0.0,2
700,19.0,0.04999999999999998,0.0,2
357,19.0,0.04999999999999998,0.0,2
700,19.0,0.04999999999999998,0.0,1
92,19.0,0.04999999999999998,0.0,2
79,19.0,0.04999999999999998,0.0,2
79,19.0,0.04999999999999998,0.0,2
700,19.0,0.04999999999999998,0.0,2
116,19.0,0.04999999999999998,0.0,2
700,19.0,0.04999999999999998,0.0,2
106,19.0,0.04999999999999998,0.0,2
101,19.0,0.04999999999999998,0.0,2
185,19.0,0.04999999999999998,0.0,2
700,19.0,0.04999999999999998,0.0,2
700,19.0,0.04999999999999998,0.0,2
112,19.0,0.04999999999999998,0.0,2
700,19.0,0.04999999999999998,0.0,1
148,19.0,0.04999999999999998,0.0,2
700,19.0,0.04999999999999998,0.0,2
700,19.0,0.04999999999999998,0.0,2
700,19.0,0.04999999999999998,0.0,1
138,19.0,0.04999999999999998,0.0,2
700,19.0,0.04999999999999998,0.0,1
700,19.0,0.04999999999999998,0.0,1
99,19.0,0.04999999999999998,0.0,2
134,19.0,0.04999999999999998,0.0,2
94,19.0,0.04999999999999998,0.0,2
101,19.0,0.04999999999999998,0.0,2
86,19.0,0.04999999999999998,0.0,2
700,19.0,0.04999999999999998,0.0,2
700,19.0,0.04999999999999998,0.0,2
168,19.0,0.04999999999999998,0.0,2
700,19.0,0.04999999999999998,0.0,1
116,19.0,0.04999999999999998,0.0,2
149,19.0,0.04999999999999998,0.0,2
106,19.0,0.04999999999999998,0.0,2
121,19.0,0.04999999999999998,0.0,2
512,19.0,0.04999999999999998,0.0,2
700,19.0,0.04999999999999998,0.0,2
90,19.0,0.04999999999999998,0.0,2
700,19.0,0.04999999999999998,0.0,1
163,19.0,0.04999999999999998,0.0,2
700,19.0,0.04999999999999998,0.0,2
700,19.0,0.04999999999999998,0.0,2
103,19.0,0.04999999999999998,0.0,2
152,19.0,0.04999999999999998,0.0,2
700,19.0,0.04999999999999998,0.0,2
700,19.0,0.04999999999999998,0.0,2
400,19.0,0.04999999999999998,0.0,2
700,19.0,0.04999999999999998,0.0,1
146,19.0,0.04999999999999998,0.0,2
222,19.0,0.04999999999999998,0.0,2
223,19.0,0.04999999999999998,0.0,2
101,19.0,0.04999999999999998,0.0,2
700,19.0,0.04999999999999998,0.0,2
114,19.0,0.04999999999999998,0.0,2
146,19.0,0.04999999999999998,0.0,2
700,19.0,0.04999999999999998,0.0,1
137,19.0,0.04999999999999998,0.0,2
700,19.0,0.04999999999999998,0.0,1
105,19.0,0.04999999999999998,0.0,2
108,19.0,0.04999999999999998,0.0,2
191,19.0,0.04999999999999998,0.0,2
700,19.0,0.04999999999999998,0.0,2
94,19.0,0.04999999999999998,0.0,2
119,19.0,0.04999999999999998,0.0,2
700,19.0,0.04999999999999998,0.0,2
90,19.0,0.04999999999999998,0.0,2
700,19.0,0.04999999999999998,0.0,2
160,19.0,0.04999999999999998,0.0,2
161,19.0,0.04999999999999998,0.0,2
169,19.0,0.04999999999999998,0.0,2
700,19.0,0.04999999999999998,0.0,2
700,19.0,0.04999999999999998,0.0,2
700,19.0,0.04999999999999998,0.0,2
91,19.0,0.04999999999999998,0.0,2
99,19.0,0.04999999999999998,0.0,2
95,19.0,0.04999999999999998,0.0,2
700,19.0,0.04999999999999998,0.0,1
106,19.0,0.04999999999999998,0.0,2
700,19.0,0.04999999999999998,0.0,1
133,19.0,0.04999999999999998,0.0,2
113,19.0,0.04999999999999998,0.0,2
700,19.0,0.04999999999999998,0.0,2
143,19.0,0.04999999999999998,0.0,2
143,19.0,0.04999999999999998,0.0,2
143,19.0,0.04999999999999998,0.0,2
111,19.0,0.04999999999999998,0.0,2
700,19.0,0.04999999999999998,0.0,2
85,19.0,0.04999999999999998,0.0,2
697,19.0,0.04999999999999998,0.0,2
87,19.0,0.04999999999999998,0.0,2
700,19.0,0.04999999999999998,0.0,1
122,19.0,0.04999999999999998,0.0,2
700,19.0,0.04999999999999998,0.0,1
87,19.0,0.04999999999999998,0.0,2
78,19.0,0.04999999999999998,0.0,2
98,19.0,0.04999999999999998,0.0,2
97,19.0,0.04999999999999998,0.0,2
700,19.0,0.04999999999999998,0.0,1
100,19.0,0.04999999999999998,0.0,2
71,19.0,0.04999999999999998,0.0,2
94,19.0,0.04999999999999998,0.0,2
104,19.0,0.04999999999999998,0.0,2
451,19.0,0.04999999999999998,0.0,2
700,19.0,0.04999999999999998,0.0,1
140,19.0,0.04999999999999998,0.0,2
700,19.0,0.04999999999999998,0.0,2
89,19.0,0.04999999999999998,0.0,2
91,19.0,0.04999999999999998,0.0,2
277,19.0,0.04999999999999998,0.0,2
700,19.0,0.04999999999999998,0.0,2
700,19.0,0.04999999999999998,0.0,2
700,19.0,0.04999999999999998,0.0,2
700,19.0,0.04999999999999998,0.0,1
98,19.0,0.04999999999999998,0.0,2
387,19.0,0.04999999999999998,0.0,2
88,19.0,0.04999999999999998,0.0,2
106,19.0,0.04999999999999998,0.0,2
98,19.0,0.04999999999999998,0.0,2
700,19.0,0.04999999999999998,0.0,2
102,19.0,0.04999999999999998,0.0,2
82,19.0,0.04999999999999998,0.0,2
111,19.0,0.04999999999999998,0.0,2
89,19.0,0.04999999999999998,0.0,2
700,19.0,0.04999999999999998,0.0,1
700,19.0,0.04999999999999998,0.0,2
700,19.0,0.04999999999999998,0.0,1
123,19.0,0.04999999999999998,0.0,2
72,19.0,0.04999999999999998,0.0,2
236,19.0,0.04999999999999998,0.0,2
700,19.0,0.04999999999999998,0.0,2
700,19.0,0.04999999999999998,0.0,1
174,19.0,0.04999999999999998,0.0,2
119,19.0,0.04999999999999998,0.0,2
104,19.0,0.04999999999999998,0.0,2
700,19.0,0.04999999999999998,0.0,2
96,19.0,0.04999999999999998,0.0,2
118,19.0,0.04999999999999998,0.0,2
98,19.0,0.04999999999999998,0.0,2
479,19.0,0.04999999999999998,0.0,2
249,19.0,0.04999999999999998,0.0,2
106,19.0,0.04999999999999998,0.0,2
88,19.0,0.04999999999999998,0.0,2
102,19.0,0.04999999999999998,0.0,2
700,19.0,0.04999999999999998,0.0,2
87,19.0,0.04999999999999998,0.0,2
700,19.0,0.04999999999999998,0.0,2
100,19.0,0.04999999999999998,0.0,2
104,19.0,0.04999999999999998,0.0,2
112,19.0,0.04999999999999998,0.0,2
92,19.0,0.04999999999999998,0.0,2
127,19.0,0.04999999999999998,0.0,2
700,19.0,0.04999999999999998,0.0,2
124,19.0,0.04999999999999998,0.0,2
119,19.0,0.04999999999999998,0.0,2
251,19.0,0.04999999999999998,0.0,2
230,19.0,0.04999999999999998,0.0,2
102,19.0,0.04999999999999998,0.0,2
700,19.0,0.04999999999999998,0.0,1
224,19.0,0.04999999999999998,0.0,2
537,19.0,0.04999999999999998,0.0,2
142,19.0,0.04999999999999998,0.0,2
116,19.0,0.04999999999999998,0.0,2
103,19.0,0.04999999999999998,0.0,2
238,19.0,0.04999999999999998,0.0,2
162,19.0,0.04999999999999998,0.0,2
700,19.0,0.04999999999999998,0.0,2
92,19.0,0.04999999999999998,0.0,2
133,19.0,0.04999999999999998,0.0,2
145,19.0,0.04999999999999998,0.0,2
700,19.0,0.04999999999999998,0.0,1
700,19.0,0.04999999999999998,0.0,2
700,19.0,0.04999999999999998,0.0,1
130,19.0,0.04999999999999998,0.0,2
112,19.0,0.04999999999999998,0.0,2
126,19.0,0.04999999999999998,0.0,2
700,19.0,0.04999999999999998,0.0,1
107,19.0,0.04999999999999998,0.0,2
700,19.0,0.04999999999999998,0.0,1
180,19.0,0.04999999999999998,0.0,2
289,19.0,0.04999999999999998,0.0,2
273,19.0,0.04999999999999998,0.0,2
78,19.0,0.04999999999999998,0.0,2
201,19.0,0.04999999999999998,0.0,2
91,19.0,0.04999999999999998,0.0,2
117,19.0,0.04999999999999998,0.0,2
83,19.0,0.04999999999999998,0.0,2
98,19.0,0.04999999999999998,0.0,2
106,19.0,0.04999999999999998,0.0,2
100,19.0,0.04999999999999998,0.0,2
80,19.0,0.04999999999999998,0.0,2
133,19.0,0.04999999999999998,0.0,2
700,19.0,0.04999999999999998,0.0,2
700,19.0,0.04999999999999998,0.0,2
83,19.0,0.04999999999999998,0.0,2
100,19.0,0.04999999999999998,0.0,2
230,19.0,0.04999999999999998,0.0,2
700,19.0,0.04999999999999998,0.0,2
88,19.0,0.04999999999999998,0.0,2
700,19.0,0.04999999999999998,0.0,2
288,19.0,0.04999999999999998,0.0,2
700,19.0,0.04999999999999998,0.0,1
119,19.0,0.04999999999999998,0.0,2
125,19.0,0.04999999999999998,0.0,2
107,19.0,0.04999999999999998,0.0,2
700,19.0,0.04999999999999998,0.0,1
115,19.0,0.04999999999999998,0.0,2
113,19.0,0.04999999999999998,0.0,2
87,19.0,0.04999999999999998,0.0,2
101,19.0,0.04999999999999998,0.0,2
582,19.0,0.04999999999999998,0.0,2
117,19.0,0.04999999999999998,0.0,2
109,19.0,0.04999999999999998,0.0,2
127,19.0,0.04999999999999998,0.0,2
147,19.0,0.04999999999999998,0.0,2
74,19.0,0.04999999999999998,0.0,2
85,19.0,0.04999999999999998,0.0,2
84,19.0,0.04999999999999998,0.0,2
700,19.0,0.04999999999999998,0.0,2
700,19.0,0.04999999999999998,0.0,1
113,19.0,0.04999999999999998,0.0,2
700,19.0,0.04999999999999998,0.0,1
93,19.0,0.04999999999999998,0.0,2
700,19.0,0.04999999999999998,0.0,1
87,19.0,0.04999999999999998,0.0,2
124,19.0,0.04999999999999998,0.0,2
700,19.0,0.04999999999999998,0.0,1
700,19.0,0.04999999999999998,0.0,2
230,19.0,0.04999999999999998,0.0,2
105,19.0,0.04999999999999998,0.0,2
94,19.0,0.04999999999999998,0.0,2
105,19.0,0.04999999999999998,0.0,2
108,19.0,0.04999999999999998,0.0,2
700,19.0,0.04999999999999998,0.0,1
700,19.0,0.04999999999999998,0.0,2
700,19.0,0.04999999999999998,0.0,1
98,19.0,0.04999999999999998,0.0,2
128,19.0,0.04999999999999998,0.0,2
82,19.0,0.04999999999999998,0.0,2
99,19.0,0.04999999999999998,0.0,2
123,19.0,0.04999999999999998,0.0,2
101,19.0,0.04999999999999998,0.0,2
700,19.0,0.04999999999999998,0.0,1
700,19.0,0.04999999999999998,0.0,1
79,19.0,0.04999999999999998,0.0,2
119,19.0,0.04999999999999998,0.0,2
700,19.0,0.04999999999999998,0.0,1
700,19.0,0.04999999999999998,0.0,2
113,19.0,0.04999999999999998,0.0,2
104,19.0,0.04999999999999998,0.0,2
700,19.0,0.04999999999999998,0.0,2
90,19.0,0.04999999999999998,0.0,2
700,19.0,0.04999999999999998,0.0,2
106,19.0,0.04999999999999998,0.0,2
700,19.0,0.04999999999999998,0.0,2
94,19.0,0.04999999999999998,0.0,2
700,19.0,0.04999999999999998,0.0,2
100,19.0,0.04999999999999998,0.0,2
274,19.0,0.04999999999999998,0.0,2
90,19.0,0.04999999999999998,0.0,2
134,19.0,0.04999999999999998,0.0,2
180,19.0,0.04999999999999998,0.0,2
96,19.0,0.04999999999999998,0.0,2
162,19.0,0.04999999999999998,0.0,2
262,19.0,0.04999999999999998,0.0,2
139,19.0,0.04999999999999998,0.0,2
700,19.0,0.04999999999999998,0.0,2
98,19.0,0.04999999999999998,0.0,2
700,19.0,0.04999999999999998,0.0,1
99,19.0,0.04999999999999998,0.0,2
107,19.0,0.04999999999999998,0.0,2
151,19.0,0.04999999999999998,0.0,2
104,19.0,0.04999999999999998,0.0,2
153,19.0,0.04999999999999998,0.0,2
700,19.0,0.04999999999999998,0.0,1
114,19.0,0.04999999999999998,0.0,2
83,19.0,0.04999999999999998,0.0,2
700,19.0,0.04999999999999998,0.0,2
700,19.0,0.04999999999999998,0.0,2
700,19.0,0.04999999999999998,0.0,2
114,19.0,0.04999999999999998,0.0,2
200,19.0,0.04999999999999998,0.0,2
118,19.0,0.04999999999999998,0.0,2
700,19.0,0.04999999999999998,0.0,1
105,19.0,0.04999999999999998,0.0,2
700,19.0,0.04999999999999998,0.0,1
139,19.0,0.04999999999999998,0.0,2
700,19.0,0.04999999999999998,0.0,2
85,19.0,0.04999999999999998,0.0,2
98,19.0,0.04999999999999998,0.0,2
92,19.0,0.04999999999999998,0.0,2
88,19.0,0.04999999999999998,0.0,2
187,19.0,0.04999999999999998,0.0,2
127,19.0,0.04999999999999998,0.0,2
484,19.0,0.04999999999999998,0.0,2
700,19.0,0.04999999999999998,0.0,1
113,19.0,0.04999999999999998,0.0,2
700,19.0,0.04999999999999998,0.0,1
700,19.0,0.04999999999999998,0.0,2
130,19.0,0.04999999999999998,0.0,2
700,19.0,0.04999999999999998,0.0,1
700,19.0,0.04999999999999998,0.0,1
700,19.0,0.04999999999999998,0.0,1
80,19.0,0.04999999999999998,0.0,2
700,19.0,0.04999999999999998,0.0,1
188,19.0,0.04999999999999998,0.0,2
92,19.0,0.04999999999999998,0.0,2
90,19.0,0.04999999999999998,0.0,2
700,19.0,0.04999999999999998,0.0,1
700,19.0,0.04999999999999998,0.0,2
209,19.0,0.04999999999999998,0.0,2
101,19.0,0.04999999999999998,0.0,2
147,19.0,0.04999999999999998,0.0,2
204,19.0,0.04999999999999998,0.0,2
154,19.0,0.04999999999999998,0.0,2
700,19.0,0.04999999999999998,0.0,1
114,19.0,0.04999999999999998,0.0,2
97,19.0,0.04999999999999998,0.0,2
114,19.0,0.04999999999999998,0.0,2
700,19.0,0.04999999999999998,0.0,2
700,19.0,0.04999999999999998,0.0,2
700,19.0,0.04999999999999998,0.0,2
111,19.0,0.04999999999999998,0.0,2
700,19.0,0.04999999999999998,0.0,2
110,19.0,0.04999999999999998,0.0,2
463,19.0,0.04999999999999998,0.0,2
108,19.0,0.04999999999999998,0.0,2
128,19.0,0.04999999999999998,0.0,2
700,19.0,0.04999999999999998,0.0,1
700,19.0,0.04999999999999998,0.0,2
133,19.0,0.04999999999999998,0.0,2
80,19.0,0.04999999999999998,0.0,2
700,19.0,0.04999999999999998,0.0,2
91,19.0,0.04999999999999998,0.0,2
88,19.0,0.04999999999999998,0.0,2
70,19.0,0.04999999999999998,0.0,2
554,19.0,0.04999999999999998,0.0,2
98,19.0,0.04999999999999998,0.0,2
88,19.0,0.04999999999999998,0.0,2
104,19.0,0.04999999999999998,0.0,2
84,19.0,0.04999999999999998,0.0,2
83,19.0,0.04999999999999998,0.0,2
700,19.0,0.04999999999999998,0.0,2
700,19.0,0.04999999999999998,0.0,2
700,19.0,0.04999999999999998,0.0,2
132,19.0,0.04999999999999998,0.0,2
700,19.0,0.04999999999999998,0.0,1
97,19.0,0.04999999999999998,0.0,2
700,19.0,0.04999999999999998,0.0,2
92,19.0,0.04999999999999998,0.0,2
700,19.0,0.04999999999999998,0.0,2
82,19.0,0.04999999999999998,0.0,2
115,19.0,0.04999999999999998,0.0,2
119,19.0,0.04999999999999998,0.0,2
700,19.0,0.04999999999999998,0.0,1
82,19.0,0.04999999999999998,0.0,2
99,19.0,0.04999999999999998,0.0,2
74,19.0,0.04999999999999998,0.0,2
78,19.0,0.04999999999999998,0.0,2
120,19.0,0.04999999999999998,0.0,2
700,19.0,0.04999999999999998,0.0,2
166,19.0,0.04999999999999998,0.0,2
129,19.0,0.04999999999999998,0.0,2
84,19.0,0.04999999999999998,0.0,2
280,19.0,0.04999999999999998,0.0,2
700,19.0,0.04999999999999998,0.0,2
92,19.0,0.04999999999999998,0.0,2
700,19.0,0.04999999999999998,0.0,2
92,19.0,0.04999999999999998,0.0,2
97,19.0,0.04999999999999998,0.0,2
700,19.0,0.04999999999999998,0.0,2
700,19.0,0.04999999999999998,0.0,2
372,19.0,0.04999999999999998,0.0,2
81,19.0,0.04999999999999998,0.0,2
94,19.0,0.04999999999999998,0.0,2
700,19.0,0.04999999999999998,0.0,2
90,19.0,0.04999999999999998,0.0,2
99,19.0,0.04999999999999998,0.0,2
108,19.0,0.04999999999999998,0.0,2
99,19.0,0.04999999999999998,0.0,2
106,19.0,0.04999999999999998,0.0,2
104,19.0,0.04999999999999998,0.0,2
330,19.0,0.04999999999999998,0.0,2
700,19.0,0.04999999999999998,0.0,1
90,19.0,0.04999999999999998,0.0,2
186,19.0,0.04999999999999998,0.0,2
129,19.0,0.04999999999999998,0.0,2
85,19.0,0.04999999999999998,0.0,2
99,19.0,0.04999999999999998,0.0,2
110,19.0,0.04999999999999998,0.0,2
122,19.0,0.04999999999999998,0.0,2
135,19.0,0.04999999999999998,0.0,2
700,19.0,0.04999999999999998,0.0,1
100,19.0,0.04999999999999998,0.0,2
126,19.0,0.04999999999999998,0.0,2
511,19.0,0.04999999999999998,0.0,2
125,19.0,0.04999999999999998,0.0,2
377,19.0,0.04999999999999998,0.0,2
187,19.0,0.04999999999999998,0.0,2
700,19.0,0.04999999999999998,0.0,1
135,19.0,0.04999999999999998,0.0,2
117,19.0,0.04999999999999998,0.0,2
90,19.0,0.04999999999999998,0.0,2
63,19.0,0.04999999999999998,0.0,2
95,19.0,0.04999999999999998,0.0,2
121,19.0,0.04999999999999998,0.0,2
186,19.0,0.04999999999999998,0.0,2
378,19.0,0.04999999999999998,0.0,2
100,19.0,0.04999999999999998,0.0,2
700,19.0,0.04999999999999998,0.0,1
140,19.0,0.04999999999999998,0.0,2
137,19.0,0.04999999999999998,0.0,2
115,19.0,0.04999999999999998,0.0,2
700,19.0,0.04999999999999998,0.0,1
142,19.0,0.04999999999999998,0.0,2
101,19.0,0.04999999999999998,0.0,2
148,19.0,0.04999999999999998,0.0,2
146,19.0,0.04999999999999998,0.0,2
109,19.0,0.04999999999999998,0.0,2
239,19.0,0.04999999999999998,0.0,2
116,19.0,0.04999999999999998,0.0,2
111,19.0,0.04999999999999998,0.0,2
220,19.0,0.04999999999999998,0.0,2
700,19.0,0.04999999999999998,0.0,2
700,19.0,0.04999999999999998,0.0,1
118,19.0,0.04999999999999998,0.0,2
140,19.0,0.04999999999999998,0.0,2
700,19.0,0.04999999999999998,0.0,1
113,19.0,0.04999999999999998,0.0,2
117,19.0,0.04999999999999998,0.0,2
700,19.0,0.04999999999999998,0.0,2
700,19.0,0.04999999999999998,0.0,2
114,19.0,0.04999999999999998,0.0,2
700,19.0,0.04999999999999998,0.0,2
84,19.0,0.04999999999999998,0.0,2
320,19.0,0.04999999999999998,0.0,2
700,19.0,0.04999999999999998,0.0,1
110,19.0,0.04999999999999998,0.0,2
117,19.0,0.04999999999999998,0.0,2
217,19.0,0.04999999999999998,0.0,2
700,19.0,0.04999999999999998,0.0,2
700,19.0,0.04999999999999998,0.0,1
700,19.0,0.04999999999999998,0.0,2
96,19.0,0.04999999999999998,0.0,2
700,19.0,0.04999999999999998,0.0,1
135,19.0,0.04999999999999998,0.0,2
181,19.0,0.04999999999999998,0.0,2
700,19.0,0.04999999999999998,0.0,2
103,19.0,0.04999999999999998,0.0,2
125,19.0,0.04999999999999998,0.0,2
700,19.0,0.04999999999999998,0.0,2
700,19.0,0.04999999999999998,0.0,1
700,19.0,0.04999999999999998,0.0,2
83,19.0,0.04999999999999998,0.0,2
79,19.0,0.04999999999999998,0.0,2
130,19.0,0.04999999999999998,0.0,2
211,19.0,0.04999999999999998,0.0,2
93,19.0,0.04999999999999998,0.0,2
106,19.0,0.04999999999999998,0.0,2
79,19.0,0.04999999999999998,0.0,2
197,19.0,0.04999999999999998,0.0,2
100,19.0,0.04999999999999998,0.0,2
700,19.0,0.04999999999999998,0.0,2
119,19.0,0.04999999999999998,0.0,2
700,19.0,0.04999999999999998,0.0,1
700,19.0,0.04999999999999998,0.0,2
114,19.0,0.04999999999999998,0.0,2
142,19.0,0.04999999999999998,0.0,2
700,19.0,0.04999999999999998,0.0,1
84,19.0,0.04999999999999998,0.0,2
700,19.0,0.04999999999999998,0.0,1
110,19.0,0.04999999999999998,0.0,2
88,19.0,0.04999999999999998,0.0,2
182,19.0,0.04999999999999998,0.0,2
700,19.0,0.04999999999999998,0.0,2
84,19.0,0.04999999999999998,0.0,2
96,19.0,0.04999999999999998,0.0,2
700,19.0,0.04999999999999998,0.0,2
114,19.0,0.04999999999999998,0.0,2
175,19.0,0.04999999999999998,0.0,2
95,19.0,0.04999999999999998,0.0,2
700,19.0,0.04999999999999998,0.0,2
700,19.0,0.04999999999999998,0.0,2
79,19.0,0.04999999999999998,0.0,2
700,19.0,0.04999999999999998,0.0,2
101,19.0,0.04999999999999998,0.0,2
700,19.0,0.04999999999999998,0.0,1
152,19.0,0.04999999999999998,0.0,2
292,19.0,0.04999999999999998,0.0,2
118,19.0,0.04999999999999998,0.0,2
301,19.0,0.04999999999999998,0.0,2
109,19.0,0.04999999999999998,0.0,2
700,19.0,0.04999999999999998,0.0,1
700,19.0,0.04999999999999998,0.0,2
90,19.0,0.04999999999999998,0.0,2
120,19.0,0.04999999999999998,0.0,2
700,19.0,0.04999999999999998,0.0,1
700,19.0,0.04999999999999998,0.0,1
117,19.0,0.04999999999999998,0.0,2
86,19.0,0.04999999999999998,0.0,2
700,19.0,0.04999999999999998,0.0,2
126,19.0,0.04999999999999998,0.0,2
78,19.0,0.04999999999999998,0.0,2
124,19.0,0.04999999999999998,0.0,2
700,19.0,0.04999999999999998,0.0,2
191,19.0,0.04999999999999998,0.0,2
700,19.0,0.04999999999999998,0.0,1
88,19.0,0.04999999999999998,0.0,2
93,19.0,0.04999999999999998,0.0,2
121,19.0,0.04999999999999998,0.0,2
700,19.0,0.04999999999999998,0.0,1
700,19.0,0.04999999999999998,0.0,2
700,19.0,0.04999999999999998,0.0,2
103,19.0,0.04999999999999998,0.0,2
96,19.0,0.04999999999999998,0.0,2
101,19.0,0.04999999999999998,0.0,2
120,19.0,0.04999999999999998,0.0,2
700,19.0,0.04999999999999998,0.0,1
99,19.0,0.04999999999999998,0.0,2
87,19.0,0.04999999999999998,0.0,2
87,19.0,0.04999999999999998,0.0,2
105,19.0,0.04999999999999998,0.0,2
556,19.0,0.04999999999999998,0.0,2
700,19.0,0.04999999999999998,0.0,1
700,19.0,0.04999999999999998,0.0,2
700,19.0,0.04999999999999998,0.0,1
98,19.0,0.04999999999999998,0.0,2
77,19.0,0.04999999999999998,0.0,2
122,19.0,0.04999999999999998,0.0,2
92,19.0,0.04999999999999998,0.0,2
700,19.0,0.04999999999999998,0.0,2
83,19.0,0.04999999999999998,0.0,2
700,19.0,0.04999999999999998,0.0,2
85,19.0,0.04999999999999998,0.0,2
700,19.0,0.04999999999999998,0.0,2
276,19.0,0.04999999999999998,0.0,2
159,19.0,0.04999999999999998,0.0,2
96,19.0,0.04999999999999998,0.0,2
97,19.0,0.04999999999999998,0.0,2
106,19.0,0.04999999999999998,0.0,2
700,19.0,0.04999999999999998,0.0,1
146,19.0,0.04999999999999998,0.0,2
85,19.0,0.04999999999999998,0.0,2
129,19.0,0.04999999999999998,0.0,2
700,19.0,0.04999999999999998,0.0,2
127,19.0,0.04999999999999998,0.0,2
700,19.0,0.04999999999999998,0.0,1
700,19.0,0.04999999999999998,0.0,1
163,19.0,0.04999999999999998,0.0,2
88,19.0,0.04999999999999998,0.0,2
101,19.0,0.04999999999999998,0.0,2
124,19.0,0.04999999999999998,0.0,2
145,19.0,0.04999999999999998,0.0,2
119,19.0,0.04999999999999998,0.0,2
700,19.0,0.04999999999999998,0.0,2
172,19.0,0.04999999999999998,0.0,2
173,19.0,0.04999999999999998,0.0,2
700,19.0,0.04999999999999998,0.0,2
132,19.0,0.04999999999999998,0.0,2
700,19.0,0.04999999999999998,0.0,1
700,19.0,0.04999999999999998,0.0,1
84,19.0,0.04999999999999998,0.0,2
700,19.0,0.04999999999999998,0.0,2
87,19.0,0.04999999999999998,0.0,2
103,19.0,0.04999999999999998,0.0,2
700,19.0,0.04999999999999998,0.0,1
96,19.0,0.04999999999999998,0.0,2
75,19.0,0.04999999999999998,0.0,2
379,19.0,0.04999999999999998,0.0,2
85,19.0,0.04999999999999998,0.0,2
83,19.0,0.04999999999999998,0.0,2
87,19.0,0.04999999999999998,0.0,2
700,19.0,0.04999999999999998,0.0,1
700,19.0,0.04999999999999998,0.0,1
90,19.0,0.04999999999999998,0.0,2
240,19.0,0.04999999999999998,0.0,2
264,19.0,0.04999999999999998,0.0,2
700,19.0,0.04999999999999998,0.0,1
100,19.0,0.04999999999999998,0.0,2
116,19.0,0.04999999999999998,0.0,2
700,19.0,0.04999999999999998,0.0,1
700,19.0,0.04999999999999998,0.0,2
182,19.0,0.04999999999999998,0.0,2
125,19.0,0.04999999999999998,0.0,2
138,19.0,0.04999999999999998,0.0,2
126,19.0,0.04999999999999998,0.0,2
700,19.0,0.04999999999999998,0.0,1
700,19.0,0.04999999999999998,0.0,2
109,19.0,0.04999999999999998,0.0,2
98,19.0,0.04999999999999998,0.0,2
94,19.0,0.04999999999999998,0.0,2
93,19.0,0.04999999999999998,0.0,2
700,19.0,0.04999999999999998,0.0,2
123,19.0,0.04999999999999998,0.0,2
700,19.0,0.04999999999999998,0.0,2
700,19.0,0.04999999999999998,0.0,1
700,19.0,0.04999999999999998,0.0,2
89,19.0,0.04999999999999998,0.0,2
110,19.0,0.04999999999999998,0.0,2
149,19.0,0.04999999999999998,0.0,2
131,19.0,0.04999999999999998,0.0,2
87,19.0,0.04999999999999998,0.0,2
431,19.0,0.04999999999999998,0.0,2
700,19.0,0.04999999999999998,0.0,2
107,19.0,0.04999999999999998,0.0,2
94,19.0,0.04999999999999998,0.0,2
77,19.0,0.04999999999999998,0.0,2
100,19.0,0.04999999999999998,0.0,2
83,19.0,0.04999999999999998,0.0,2
700,19.0,0.04999999999999998,0.0,2
95,19.0,0.04999999999999998,0.0,2
700,19.0,0.04999999999999998,0.0,2
700,19.0,0.04999999999999998,0.0,1
82,19.0,0.04999999999999998,0.0,2
700,19.0,0.04999999999999998,0.0,2
700,19.0,0.04999999999999998,0.0,2
243,19.0,0.04999999999999998,0.0,2
700,19.0,0.04999999999999998,0.0,1
131,19.0,0.04999999999999998,0.0,2
128,19.0,0.04999999999999998,0.0,2
87,19.0,0.04999999999999998,0.0,2
700,19.0,0.04999999999999998,0.0,1
700,19.0,0.04999999999999998,0.0,2
84,19.0,0.04999999999999998,0.0,2
107,19.0,0.04999999999999998,0.0,2
107,19.0,0.04999999999999998,0.0,2
97,19.0,0.04999999999999998,0.0,2
131,19.0,0.04999999999999998,0.0,2
87,19.0,0.04999999999999998,0.0,2
90,19.0,0.04999999999999998,0.0,2
80,19.0,0.04999999999999998,0.0,2
196,19.0,0.04999999999999998,0.0,2
700,19.0,0.04999999999999998,0.0,2
131,19.0,0.04999999999999998,0.0,2
149,19.0,0.04999999999999998,0.0,2
108,19.0,0.04999999999999998,0.0,2
159,19.0,0.04999999999999998,0.0,2
107,19.0,0.04999999999999998,0.0,2
700,19.0,0.04999999999999998,0.0,1
700,19.0,0.04999999999999998,0.0,1
700,19.0,0.04999999999999998,0.0,1
73,19.0,0.04999999999999998,0.0,2
127,19.0,0.04999999999999998,0.0,2
700,19.0,0.04999999999999998,0.0,1
110,19.0,0.04999999999999998,0.0,2
105,19.0,0.04999999999999998,0.0,2
700,19.0,0.04999999999999998,0.0,2
700,19.0,0.04999999999999998,0.0,2
700,19.0,0.04999999999999998,0.0,1
81,19.0,0.04999999999999998,0.0,2
86,19.0,0.04999999999999998,0.0,2
204,19.0,0.04999999999999998,0.0,2
700,19.0,0.04999999999999998,0.0,2
104,19.0,0.04999999999999998,0.0,2
104,19.0,0.04999999999999998,0.0,2
82,19.0,0.04999999999999998,0.0,2
700,19.0,0.04999999999999998,0.0,1
108,19.0,0.04999999999999998,0.0,2
90,19.0,0.04999999999999998,0.0,2
700,19.0,0.04999999999999998,0.0,1
700,19.0,0.04999999999999998,0.0,1
80,19.0,0.04999999999999998,0.0,2
126,19.0,0.04999999999999998,0.0,2
700,19.0,0.04999999999999998,0.0,1
94,19.0,0.04999999999999998,0.0,2
140,19.0,0.04999999999999998,0.0,2
632,19.0,0.04999999999999998,0.0,2
128,19.0,0.04999999999999998,0.0,2
87,19.0,0.04999999999999998,0.0,2
96,19.0,0.04999999999999998,0.0,2
79,19.0,0.04999999999999998,0.0,2
98,19.0,0.04999999999999998,0.0,2
93,19.0,0.04999999999999998,0.0,2
135,19.0,0.04999999999999998,0.0,2
113,19.0,0.04999999999999998,0.0,2
77,19.0,0.04999999999999998,0.0,2
86,19.0,0.04999999999999998,0.0,2
92,19.0,0.04999999999999998,0.0,2
101,19.0,0.04999999999999998,0.0,2
83,19.0,0.04999999999999998,0.0,2
239,19.0,0.04999999999999998,0.0,2
700,19.0,0.04999999999999998,0.0,1
159,19.0,0.04999999999999998,0.0,2
88,19.0,0.04999999999999998,0.0,2
125,19.0,0.04999999999999998,0.0,2
700,19.0,0.04999999999999998,0.0,2
700,19.0,0.04999999999999998,0.0,1
700,19.0,0.04999999999999998,0.0,2
700,19.0,0.04999999999999998,0.0,1
700,19.0,0.04999999999999998,0.0,2
113,19.0,0.04999999999999998,0.0,2
700,19.0,0.04999999999999998,0.0,2
120,19.0,0.04999999999999998,0.0,2
700,19.0,0.04999999999999998,0.0,2
123,19.0,0.04999999999999998,0.0,2
700,19.0,0.04999999999999998,0.0,1
700,19.0,0.04999999999999998,0.0,1
700,19.0,0.04999999999999998,0.0,1
700,19.0,0.04999999999999998,0.0,1
399,19.0,0.04999999999999998,0.0,2
138,19.0,0.04999999999999998,0.0,2
200,19.0,0.04999999999999998,0.0,2
114,19.0,0.04999999999999998,0.0,2
125,19.0,0.04999999999999998,0.0,2
83,19.0,0.04999999999999998,0.0,2
113,19.0,0.04999999999999998,0.0,2
129,19.0,0.04999999999999998,0.0,2
131,19.0,0.04999999999999998,0.0,2
117,19.0,0.04999999999999998,0.0,2
178,19.0,0.04999999999999998,0.0,2
89,19.0,0.04999999999999998,0.0,2
700,19.0,0.04999999999999998,0.0,1
700,19.0,0.04999999999999998,0.0,1
135,19.0,0.04999999999999998,0.0,2
144,19.0,0.04999999999999998,0.0,2
700,19.0,0.04999999999999998,0.0,1
106,19.0,0.04999999999999998,0.0,2
185,19.0,0.04999999999999998,0.0,2
98,19.0,0.04999999999999998,0.0,2
101,19.0,0.04999999999999998,0.0,2
86,19.0,0.04999999999999998,0.0,2
114,19.0,0.04999999999999998,0.0,2
700,19.0,0.04999999999999998,0.0,2
104,19.0,0.04999999999999998,0.0,2
103,19.0,0.04999999999999998,0.0,2
419,19.0,0.04999999999999998,0.0,2
103,19.0,0.04999999999999998,0.0,2
700,19.0,0.04999999999999998,0.0,1
113,19.0,0.04999999999999998,0.0,2
299,19.0,0.04999999999999998,0.0,2
700,19.0,0.04999999999999998,0.0,1
700,19.0,0.04999999999999998,0.0,1
700,19.0,0.04999999999999998,0.0,2
99,19.0,0.04999999999999998,0.0,2
128,19.0,0.04999999999999998,0.0,2
186,19.0,0.04999999999999998,0.0,2
104,19.0,0.04999999999999998,0.0,2
700,19.0,0.04999999999999998,0.0,1
700,19.0,0.04999999999999998,0.0,2
107,19.0,0.04999999999999998,0.0,2
107,19.0,0.04999999999999998,0.0,2
184,19.0,0.04999999999999998,0.0,2
700,19.0,0.04999999999999998,0.0,2
113,19.0,0.04999999999999998,0.0,2
95,19.0,0.04999999999999998,0.0,2
120,19.0,0.04999999999999998,0.0,2
700,19.0,0.04999999999999998,0.0,2
700,19.0,0.04999999999999998,0.0,1
582,19.0,0.04999999999999998,0.0,2
514,19.0,0.04999999999999998,0.0,2
700,19.0,0.04999999999999998,0.0,1
700,19.0,0.04999999999999998,0.0,1
125,19.0,0.04999999999999998,0.0,2
700,19.0,0.04999999999999998,0.0,2
145,19.0,0.04999999999999998,0.0,2
114,19.0,0.04999999999999998,0.0,2
700,19.0,0.04999999999999998,0.0,1
89,19.0,0.04999999999999998,0.0,2
700,19.0,0.04999999999999998,0.0,2
78,19.0,0.04999999999999998,0.0,2
700,19.0,0.04999999999999998,0.0,2
700,19.0,0.04999999999999998,0.0,2
138,19.0,0.04999999999999998,0.0,2
480,19.0,0.04999999999999998,0.0,2
700,19.0,0.04999999999999998,0.0,1
700,19.0,0.04999999999999998,0.0,2
170,19.0,0.04999999999999998,0.0,2
87,19.0,0.04999999999999998,0.0,2
700,19.0,0.04999999999999998,0.0,2
700,19.0,0.04999999999999998,0.0,1
104,19.0,0.04999999999999998,0.0,2
700,19.0,0.04999999999999998,0.0,1
83,19.0,0.04999999999999998,0.0,2
700,19.0,0.04999999999999998,0.0,1
124,19.0,0.04999999999999998,0.0,2
700,19.0,0.04999999999999998,0.0,2
88,19.0,0.04999999999999998,0.0,2
98,19.0,0.04999999999999998,0.0,2
700,19.0,0.04999999999999998,0.0,2
117,19.0,0.04999999999999998,0.0,2
147,19.0,0.04999999999999998,0.0,2
85,19.0,0.04999999999999998,0.0,2
129,19.0,0.04999999999999998,0.0,2
700,19.0,0.04999999999999998,0.0,1
81,19.0,0.04999999999999998,0.0,2
700,19.0,0.04999999999999998,0.0,2
104,19.0,0.04999999999999998,0.0,2
79,19.0,0.04999999999999998,0.0,2
155,19.0,0.04999999999999998,0.0,2
700,19.0,0.04999999999999998,0.0,1
700,19.0,0.04999999999999998,0.0,1
95,19.0,0.04999999999999998,0.0,2
700,19.0,0.04999999999999998,0.0,2
88,19.0,0.04999999999999998,0.0,2
92,19.0,0.04999999999999998,0.0,2
700,19.0,0.04999999999999998,0.0,2
456,19.0,0.04999999999999998,0.0,2
700,19.0,0.04999999999999998,0.0,2
319,19.0,0.04999999999999998,0.0,2
700,19.0,0.04999999999999998,0.0,2
145,19.0,0.04999999999999998,0.0,2
89,19.0,0.04999999999999998,0.0,2
157,19.0,0.04999999999999998,0.0,2
106,19.0,0.04999999999999998,0.0,2
115,19.0,0.04999999999999998,0.0,2
78,19.0,0.04999999999999998,0.0,2
100,19.0,0.04999999999999998,0.0,2
130,19.0,0.04999999999999998,0.0,2
700,19.0,0.04999999999999998,0.0,2
110,19.0,0.04999999999999998,0.0,2
104,19.0,0.04999999999999998,0.0,2
184,19.0,0.04999999999999998,0.0,2
162,19.0,0.04999999999999998,0.0,2
97,19.0,0.04999999999999998,0.0,2
115,19.0,0.04999999999999998,0.0,2
700,19.0,0.04999999999999998,0.0,1
243,19.0,0.04999999999999998,0.0,2
129,19.0,0.04999999999999998,0.0,2
133,19.0,0.04999999999999998,0.0,2
75,19.0,0.04999999999999998,0.0,2
156,19.0,0.04999999999999998,0.0,2
700,19.0,0.04999999999999998,0.0,2
700,19.0,0.04999999999999998,0.0,2
108,19.0,0.04999999999999998,0.0,2
101,19.0,0.04999999999999998,0.0,2
700,19.0,0.04999999999999998,0.0,1
700,19.0,0.04999999999999998,0.0,1
79,19.0,0.04999999999999998,0.0,2
700,19.0,0.04999999999999998,0.0,2
700,19.0,0.04999999999999998,0.0,2
88,19.0,0.04999999999999998,0.0,2
700,19.0,0.04999999999999998,0.0,1
110,19.0,0.04999999999999998,0.0,2
124,19.0,0.04999999999999998,0.0,2
700,19.0,0.04999999999999998,0.0,1
85,19.0,0.04999999999999998,0.0,2
497,19.0,0.04999999999999998,0.0,2
102,19.0,0.04999999999999998,0.0,2
700,19.0,0.04999999999999998,0.0,1
700,19.0,0.04999999999999998,0.0,1
94,19.0,0.04999999999999998,0.0,2
120,19.0,0.04999999999999998,0.0,2
100,19.0,0.04999999999999998,0.0,2
94,19.0,0.04999999999999998,0.0,2
700,19.0,0.04999999999999998,0.0,1
111,19.0,0.04999999999999998,0.0,2
103,19.0,0.04999999999999998,0.0,2
80,19.0,0.04999999999999998,0.0,2
700,19.0,0.04999999999999998,0.0,1
110,19.0,0.04999999999999998,0.0,2
700,19.0,0.04999999999999998,0.0,1
100,19.0,0.04999999999999998,0.0,2
101,19.0,0.04999999999999998,0.0,2
94,19.0,0.04999999999999998,0.0,2
181,19.0,0.04999999999999998,0.0,2
700,19.0,0.04999999999999998,0.0,2
259,19.0,0.04999999999999998,0.0,2
700,19.0,0.04999999999999998,0.0,1
109,19.0,0.04999999999999998,0.0,2
112,19.0,0.04999999999999998,0.0,2
92,19.0,0.04999999999999998,0.0,2
700,19.0,0.04999999999999998,0.0,2
99,19.0,0.04999999999999998,0.0,2
700,19.0,0.04999999999999998,0.0,2
113,19.0,0.04999999999999998,0.0,2
137,19.0,0.04999999999999998,0.0,2
98,19.0,0.04999999999999998,0.0,2
328,19.0,0.04999999999999998,0.0,2
700,19.0,0.04999999999999998,0.0,2
125,19.0,0.04999999999999998,0.0,2
141,19.0,0.04999999999999998,0.0,2
98,19.0,0.04999999999999998,0.0,2
183,19.0,0.04999999999999998,0.0,2
93,19.0,0.04999999999999998,0.0,2
258,19.0,0.04999999999999998,0.0,2
162,19.0,0.04999999999999998,0.0,2
700,19.0,0.04999999999999998,0.0,2
124,19.0,0.04999999999999998,0.0,2
700,19.0,0.04999999999999998,0.0,2
134,19.0,0.04999999999999998,0.0,2
101,19.0,0.04999999999999998,0.0,2
107,19.0,0.04999999999999998,0.0,2
700,19.0,0.04999999999999998,0.0,1
700,19.0,0.04999999999999998,0.0,2
700,19.0,0.04999999999999998,0.0,1
103,19.0,0.04999999999999998,0.0,2
109,19.0,0.04999999999999998,0.0,2
122,19.0,0.04999999999999998,0.0,2
67,19.0,0.04999999999999998,0.0,2
123,19.0,0.04999999999999998,0.0,2
700,19.0,0.04999999999999998,0.0,1
176,19.0,0.04999999999999998,0.0,2
112,19.0,0.04999999999999998,0.0,2
123,19.0,0.04999999999999998,0.0,2
101,19.0,0.04999999999999998,0.0,2
100,19.0,0.04999999999999998,0.0,2
700,19.0,0.04999999999999998,0.0,2
128,19.0,0.04999999999999998,0.0,2
122,19.0,0.04999999999999998,0.0,2
273,19.0,0.04999999999999998,0.0,2
700,19.0,0.04999999999999998,0.0,1
118,19.0,0.04999999999999998,0.0,2
133,19.0,0.04999999999999998,0.0,2
109,19.0,0.04999999999999998,0.0,2
81,19.0,0.04999999999999998,0.0,2
105,19.0,0.04999999999999998,0.0,2
112,19.0,0.04999999999999998,0.0,2
344,19.0,0.04999999999999998,0.0,2
93,19.0,0.04999999999999998,0.0,2
126,19.0,0.04999999999999998,0.0,2
105,19.0,0.04999999999999998,0.0,2
191,19.0,0.04999999999999998,0.0,2
83,19.0,0.04999999999999998,0.0,2
111,19.0,0.04999999999999998,0.0,2
101,19.0,0.04999999999999998,0.0,2
99,19.0,0.04999999999999998,0.0,2
153,19.0,0.04999999999999998,0.0,2
225,19.0,0.04999999999999998,0.0,2
88,19.0,0.04999999999999998,0.0,2
75,19.0,0.04999999999999998,0.0,2
101,19.0,0.04999999999999998,0.0,2
195,19.0,0.04999999999999998,0.0,2
700,19.0,0.04999999999999998,0.0,1
118,19.0,0.04999999999999998,0.0,2
87,19.0,0.04999999999999998,0.0,2
700,19.0,0.04999999999999998,0.0,2
700,19.0,0.04999999999999998,0.0,2
700,19.0,0.04999999999999998,0.0,2
700,19.0,0.04999999999999998,0.0,2
128,19.0,0.04999999999999998,0.0,2
700,19.0,0.04999999999999998,0.0,1
217,19.0,0.04999999999999998,0.0,2
700,19.0,0.04999999999999998,0.0,2
700,19.0,0.04999999999999998,0.0,2
700,19.0,0.04999999999999998,0.0,1
700,19.0,0.04999999999999998,0.0,2
700,19.0,0.04999999999999998,0.0,2
94,19.0,0.04999999999999998,0.0,2
700,19.0,0.04999999999999998,0.0,1
700,19.0,0.04999999999999998,0.0,1
140,19.0,0.04999999999999998,0.0,2
94,19.0,0.04999999999999998,0.0,2
700,19.0,0.04999999999999998,0.0,2
700,19.0,0.04999999999999998,0.0,2
81,19.0,0.04999999999999998,0.0,2
700,19.0,0.04999999999999998,0.0,1
132,19.0,0.04999999999999998,0.0,2
700,19.0,0.04999999999999998,0.0,2
700,19.0,0.04999999999999998,0.0,1
126,19.0,0.04999999999999998,0.0,2
214,19.0,0.04999999999999998,0.0,2
111,19.0,0.04999999999999998,0.0,2
700,19.0,0.04999999999999998,0.0,2
700,19.0,0.04999999999999998,0.0,1
700,19.0,0.04999999999999998,0.0,2
700,19.0,0.04999999999999998,0.0,2
98,19.0,0.04999999999999998,0.0,2
192,19.0,0.04999999999999998,0.0,2
83,19.0,0.04999999999999998,0.0,2
96,19.0,0.04999999999999998,0.0,2
700,19.0,0.04999999999999998,0.0,2
88,19.0,0.04999999999999998,0.0,2
102,19.0,0.04999999999999998,0.0,2
700,19.0,0.04999999999999998,0.0,1
225,19.0,0.04999999999999998,0.0,2
97,19.0,0.04999999999999998,0.0,2
93,19.0,0.04999999999999998,0.0,2
103,19.0,0.04999999999999998,0.0,2
96,19.0,0.04999999999999998,0.0,2
700,19.0,0.04999999999999998,0.0,2
130,19.0,0.04999999999999998,0.0,2
191,19.0,0.04999999999999998,0.0,2
88,19.0,0.04999999999999998,0.0,2
123,19.0,0.04999999999999998,0.0,2
102,19.0,0.04999999999999998,0.0,2
83,19.0,0.04999999999999998,0.0,2
700,19.0,0.04999999999999998,0.0,1
153,19.0,0.04999999999999998,0.0,2
72,19.0,0.04999999999999998,0.0,2
75,19.0,0.04999999999999998,0.0,2
75,19.0,0.04999999999999998,0.0,2
92,19.0,0.04999999999999998,0.0,2
109,19.0,0.04999999999999998,0.0,2
84,19.0,0.04999999999999998,0.0,2
97,19.0,0.04999999999999998,0.0,2
700,19.0,0.04999999999999998,0.0,1
164,19.0,0.04999999999999998,0.0,2
130,19.0,0.04999999999999998,0.0,2
700,19.0,0.04999999999999998,0.0,1
105,19.0,0.04999999999999998,0.0,2
90,19.0,0.04999999999999998,0.0,2
82,19.0,0.04999999999999998,0.0,2
97,19.0,0.04999999999999998,0.0,2
112,19.0,0.04999999999999998,0.0,2
117,19.0,0.04999999999999998,0.0,2
82,19.0,0.04999999999999998,0.0,2
100,19.0,0.04999999999999998,0.0,2
117,19.0,0.04999999999999998,0.0,2
236,19.0,0.04999999999999998,0.0,2
700,19.0,0.04999999999999998,0.0,2
700,19.0,0.04999999999999998,0.0,1
91,19.0,0.04999999999999998,0.0,2
700,19.0,0.04999999999999998,0.0,1
111,19.0,0.04999999999999998,0.0,2
66,19.0,0.04999999999999998,0.0,2
94,19.0,0.04999999999999998,0.0,2
124,19.0,0.04999999999999998,0.0,2
122,19.0,0.04999999999999998,0.0,2
104,19.0,0.04999999999999998,0.0,2
79,19.0,0.04999999999999998,0.0,2
700,19.0,0.04999999999999998,0.0,2
121,19.0,0.04999999999999998,0.0,2
129,19.0,0.04999999999999998,0.0,2
237,19.0,0.04999999999999998,0.0,2
700,19.0,0.04999999999999998,0.0,2
700,19.0,0.04999999999999998,0.0,1
112,19.0,0.04999999999999998,0.0,2
700,19.0,0.04999999999999998,0.0,2
700,19.0,0.04999999999999998,0.0,2
700,19.0,0.04999999999999998,0.0,2
157,19.0,0.04999999999999998,0.0,2
85,19.0,0.04999999999999998,0.0,2
96,19.0,0.04999999999999998,0.0,2
402,19.0,0.04999999999999998,0.0,2
700,19.0,0.04999999999999998,0.0,2
106,19.0,0.04999999999999998,0.0,2
119,19.0,0.04999999999999998,0.0,2
700,19.0,0.04999999999999998,0.0,1
700,19.0,0.04999999999999998,0.0,2
700,19.0,0.04999999999999998,0.0,2
98,19.0,0.04999999999999998,0.0,2
91,19.0,0.04999999999999998,0.0,2
700,19.0,0.04999999999999998,0.0,2
700,19.0,0.04999999999999998,0.0,1
112,19.0,0.04999999999999998,0.0,2
102,19.0,0.04999999999999998,0.0,2
97,19.0,0.04999999999999998,0.0,2
384,19.0,0.04999999999999998,0.0,2
132,19.0,0.04999999999999998,0.0,2
201,19.0,0.04999999999999998,0.0,2
91,19.0,0.04999999999999998,0.0,2
700,19.0,0.04999999999999998,0.0,2
700,19.0,0.04999999999999998,0.0,2
110,19.0,0.04999999999999998,0.0,2
474,19.0,0.04999999999999998,0.0,2
92,19.0,0.04999999999999998,0.0,2
74,19.0,0.04999999999999998,0.0,2
320,19.0,0.04999999999999998,0.0,2
106,19.0,0.04999999999999998,0.0,2
86,19.0,0.04999999999999998,0.0,2
700,19.0,0.04999999999999998,0.0,2
700,19.0,0.04999999999999998,0.0,2
257,19.0,0.04999999999999998,0.0,2
700,19.0,0.04999999999999998,0.0,1
88,19.0,0.04999999999999998,0.0,2
700,19.0,0.04999999999999998,0.0,1
700,19.0,0.04999999999999998,0.0,1
700,19.0,0.04999999999999998,0.0,2
77,19.0,0.04999999999999998,0.0,2
700,19.0,0.04999999999999998,0.0,2
146,19.0,0.04999999999999998,0.0,2
700,19.0,0.04999999999999998,0.0,2
123,19.0,0.04999999999999998,0.0,2
105,19.0,0.04999999999999998,0.0,2
109,19.0,0.04999999999999998,0.0,2
78,19.0,0.04999999999999998,0.0,2
700,19.0,0.04999999999999998,0.0,1
92,19.0,0.04999999999999998,0.0,2
103,19.0,0.04999999999999998,0.0,2
700,19.0,0.04999999999999998,0.0,2
73,19.0,0.04999999999999998,0.0,2
700,19.0,0.04999999999999998,0.0,2
700,19.0,0.04999999999999998,0.0,1
105,19.0,0.04999999999999998,0.0,2
700,19.0,0.04999999999999998,0.0,1
81,19.0,0.04999999999999998,0.0,2
105,19.0,0.04999999999999998,0.0,2
177,19.0,0.04999999999999998,0.0,2
88,19.0,0.04999999999999998,0.0,2
125,19.0,0.04999999999999998,0.0,2
90,19.0,0.04999999999999998,0.0,2
700,19.0,0.04999999999999998,0.0,1
700,19.0,0.04999999999999998,0.0,2
115,19.0,0.04999999999999998,0.0,2
700,19.0,0.04999999999999998,0.0,2
95,19.0,0.04999999999999998,0.0,2
700,19.0,0.04999999999999998,0.0,2
700,19.0,0.04999999999999998,0.0,1
700,19.0,0.04999999999999998,0.0,2
169,19.0,0.04999999999999998,0.0,2
700,19.0,0.04999999999999998,0.0,2
700,19.0,0.04999999999999998,0.0,2
93,19.0,0.04999999999999998,0.0,2
700,19.0,0.04999999999999998,0.0,1
700,19.0,0.04999999999999998,0.0,1
700,19.0,0.04999999999999998,0.0,1
93,19.0,0.04999999999999998,0.0,2
700,19.0,0.04999999999999998,0.0,2
154,19.0,0.04999999999999998,0.0,2
700,19.0,0.04999999999999998,0.0,1
126,19.0,0.04999999999999998,0.0,2
700,19.0,0.04999999999999998,0.0,1
104,19.0,0.04999999999999998,0.0,2
93,19.0,0.04999999999999998,0.0,2
139,19.0,0.04999999999999998,0.0,2
87,19.0,0.04999999999999998,0.0,2
700,19.0,0.04999999999999998,0.0,2
99,19.0,0.04999999999999998,0.0,2
87,19.0,0.04999999999999998,0.0,2
102,19.0,0.04999999999999998,0.0,2
71,19.0,0.04999999999999998,0.0,2
127,19.0,0.04999999999999998,0.0,2
120,19.0,0.04999999999999998,0.0,2
98,19.0,0.04999999999999998,0.0,2
100,19.0,0.04999999999999998,0.0,2
700,19.0,0.04999999999999998,0.0,1
700,19.0,0.04999999999999998,0.0,2
121,19.0,0.04999999999999998,0.0,2
140,19.0,0.04999999999999998,0.0,2
113,19.0,0.04999999999999998,0.0,2
126,19.0,0.04999999999999998,0.0,2
102,19.0,0.04999999999999998,0.0,2
700,19.0,0.04999999999999998,0.0,1
139,19.0,0.04999999999999998,0.0,2
90,19.0,0.04999999999999998,0.0,2
700,19.0,0.04999999999999998,0.0,2
115,19.0,0.04999999999999998,0.0,2
132,19.0,0.04999999999999998,0.0,2
700,19.0,0.04999999999999998,0.0,1
700,19.0,0.04999999999999998,0.0,2
116,19.0,0.04999999999999998,0.0,2
700,19.0,0.04999999999999998,0.0,1
111,19.0,0.04999999999999998,0.0,2
254,19.0,0.04999999999999998,0.0,2
700,19.0,0.04999999999999998,0.0,1
110,19.0,0.04999999999999998,0.0,2
275,19.0,0.04999999999999998,0.0,2
700,19.0,0.04999999999999998,0.0,2
700,19.0,0.04999999999999998,0.0,1
700,19.0,0.04999999999999998,0.0,2
189,19.0,0.04999999999999998,0.0,2
82,19.0,0.04999999999999998,0.0,2
111,19.0,0.04999999999999998,0.0,2
75,19.0,0.04999999999999998,0.0,2
700,19.0,0.04999999999999998,0.0,2
115,19.0,0.04999999999999998,0.0,2
100,19.0,0.04999999999999998,0.0,2
182,19.0,0.04999999999999998,0.0,2
700,19.0,0.04999999999999998,0.0,1
197,19.0,0.04999999999999998,0.0,2
700,19.0,0.04999999999999998,0.0,1
700,19.0,0.04999999999999998,0.0,2
700,19.0,0.04999999999999998,0.0,2
79,19.0,0.04999999999999998,0.0,2
700,19.0,0.04999999999999998,0.0,2
108,19.0,0.04999999999999998,0.0,2
177,19.0,0.04999999999999998,0.0,2
78,19.0,0.04999999999999998,0.0,2
87,19.0,0.04999999999999998,0.0,2
700,19.0,0.04999999999999998,0.0,2
86,19.0,0.04999999999999998,0.0,2
101,19.0,0.04999999999999998,0.0,2
700,19.0,0.04999999999999998,0.0,2
232,19.0,0.04999999999999998,0.0,2
78,19.0,0.04999999999999998,0.0,2
127,19.0,0.04999999999999998,0.0,2
700,19.0,0.04999999999999998,0.0,1
96,19.0,0.04999999999999998,0.0,2
99,19.0,0.04999999999999998,0.0,2
700,19.0,0.04999999999999998,0.0,1
700,19.0,0.04999999999999998,0.0,2
96,19.0,0.04999999999999998,0.0,2
100,19.0,0.04999999999999998,0.0,2
102,19.0,0.04999999999999998,0.0,2
97,19.0,0.04999999999999998,0.0,2
156,19.0,0.04999999999999998,0.0,2
112,19.0,0.04999999999999998,0.0,2
426,19.0,0.04999999999999998,0.0,2
96,19.0,0.04999999999999998,0.0,2
437,19.0,0.04999999999999998,0.0,2
93,19.0,0.04999999999999998,0.0,2
576,19.0,0.04999999999999998,0.0,2
293,19.0,0.04999999999999998,0.0,2
429,19.0,0.04999999999999998,0.0,2
110,19.0,0.04999999999999998,0.0,2
118,19.0,0.04999999999999998,0.0,2
700,19.0,0.04999999999999998,0.0,1
700,19.0,0.04999999999999998,0.0,1
109,19.0,0.04999999999999998,0.0,2
700,19.0,0.04999999999999998,0.0,2
94,19.0,0.04999999999999998,0.0,2
700,19.0,0.04999999999999998,0.0,2
700,19.0,0.04999999999999998,0.0,2
97,19.0,0.04999999999999998,0.0,2
101,19.0,0.04999999999999998,0.0,2
105,19.0,0.04999999999999998,0.0,2
700,19.0,0.04999999999999998,0.0,1
88,19.0,0.04999999999999998,0.0,2
116,19.0,0.04999999999999998,0.0,2
108,19.0,0.04999999999999998,0.0,2
88,19.0,0.04999999999999998,0.0,2
135,19.0,0.04999999999999998,0.0,2
700,19.0,0.04999999999999998,0.0,1
700,19.0,0.04999999999999998,0.0,2
92,19.0,0.04999999999999998,0.0,2
95,19.0,0.04999999999999998,0.0,2
700,19.0,0.04999999999999998,0.0,1
105,19.0,0.04999999999999998,0.0,2
82,19.0,0.04999999999999998,0.0,2
700,19.0,0.04999999999999998,0.0,1
83,19.0,0.04999999999999998,0.0,2
700,19.0,0.04999999999999998,0.0,2
700,19.0,0.04999999999999998,0.0,1
84,19.0,0.04999999999999998,0.0,2
700,19.0,0.04999999999999998,0.0,2
128,19.0,0.04999999999999998,0.0,2
700,19.0,0.04999999999999998,0.0,2
100,19.0,0.04999999999999998,0.0,2
188,19.0,0.04999999999999998,0.0,2
136,19.0,0.04999999999999998,0.0,2
700,19.0,0.04999999999999998,0.0,1
700,19.0,0.04999999999999998,0.0,2
133,19.0,0.04999999999999998,0.0,2
105,19.0,0.04999999999999998,0.0,2
108,19.0,0.04999999999999998,0.0,2
700,19.0,0.04999999999999998,0.0,2
102,19.0,0.04999999999999998,0.0,2
101,19.0,0.04999999999999998,0.0,2
652,19.0,0.04999999999999998,0.0,2
135,19.0,0.04999999999999998,0.0,2
700,19.0,0.04999999999999998,0.0,2
113,19.0,0.04999999999999998,0.0,2
700,19.0,0.04999999999999998,0.0,1
700,19.0,0.04999999999999998,0.0,1
82,19.0,0.04999999999999998,0.0,2
700,19.0,0.04999999999999998,0.0,2
700,19.0,0.04999999999999998,0.0,1
700,19.0,0.04999999999999998,0.0,2
105,19.0,0.04999999999999998,0.0,2
94,19.0,0.04999999999999998,0.0,2
111,19.0,0.04999999999999998,0.0,2
357,19.0,0.04999999999999998,0.0,2
228,19.0,0.04999999999999998,0.0,2
97,19.0,0.04999999999999998,0.0,2
87,19.0,0.04999999999999998,0.0,2
700,19.0,0.04999999999999998,0.0,1
93,19.0,0.04999999999999998,0.0,2
700,19.0,0.04999999999999998,0.0,1
169,19.0,0.04999999999999998,0.0,2
147,19.0,0.04999999999999998,0.0,2
109,19.0,0.04999999999999998,0.0,2
73,19.0,0.04999999999999998,0.0,2
700,19.0,0.04999999999999998,0.0,1
139,19.0,0.04999999999999998,0.0,2
700,19.0,0.04999999999999998,0.0,1
700,19.0,0.04999999999999998,0.0,1
130,19.0,0.04999999999999998,0.0,2
132,19.0,0.04999999999999998,0.0,2
345,19.0,0.04999999999999998,0.0,2
182,19.0,0.04999999999999998,0.0,2
76,19.0,0.04999999999999998,0.0,2
102,19.0,0.04999999999999998,0.0,2
86,19.0,0.04999999999999998,0.0,2
86,19.0,0.04999999999999998,0.0,2
700,19.0,0.04999999999999998,0.0,2
700,19.0,0.04999999999999998,0.0,2
171,19.0,0.04999999999999998,0.0,2
98,19.0,0.04999999999999998,0.0,2
85,19.0,0.04999999999999998,0.0,2
105,19.0,0.04999999999999998,0.0,2
82,19.0,0.04999999999999998,0.0,2
95,19.0,0.04999999999999998,0.0,2
96,19.0,0.04999999999999998,0.0,2
700,19.0,0.04999999999999998,0.0,2
76,19.0,0.04999999999999998,0.0,2
700,19.0,0.04999999999999998,0.0,2
150,19.0,0.04999999999999998,0.0,2
113,19.0,0.04999999999999998,0.0,2
700,19.0,0.04999999999999998,0.0,2
248,19.0,0.04999999999999998,0.0,2
700,19.0,0.04999999999999998,0.0,2
96,19.0,0.04999999999999998,0.0,2
185,19.0,0.04999999999999998,0.0,2
700,19.0,0.04999999999999998,0.0,1
69,19.0,0.04999999999999998,0.0,2
103,19.0,0.04999999999999998,0.0,2
700,19.0,0.04999999999999998,0.0,1
700,19.0,0.04999999999999998,0.0,2
156,19.0,0.04999999999999998,0.0,2
700,19.0,0.04999999999999998,0.0,1
199,19.0,0.04999999999999998,0.0,2
700,19.0,0.04999999999999998,0.0,1
100,19.0,0.04999999999999998,0.0,2
700,19.0,0.04999999999999998,0.0,2
122,19.0,0.04999999999999998,0.0,2
128,19.0,0.04999999999999998,0.0,2
107,19.0,0.04999999999999998,0.0,2
700,19.0,0.04999999999999998,0.0,1
76,19.0,0.04999999999999998,0.0,2
203,19.0,0.04999999999999998,0.0,2
700,19.0,0.04999999999999998,0.0,1
90,19.0,0.04999999999999998,0.0,2
111,19.0,0.04999999999999998,0.0,2
700,19.0,0.04999999999999998,0.0,2
700,19.0,0.04999999999999998,0.0,2
118,19.0,0.04999999999999998,0.0,2
101,19.0,0.04999999999999998,0.0,2
700,19.0,0.04999999999999998,0.0,1
103,19.0,0.04999999999999998,0.0,2
158,19.0,0.04999999999999998,0.0,2
700,19.0,0.04999999999999998,0.0,1
700,19.0,0.04999999999999998,0.0,2
102,19.0,0.04999999999999998,0.0,2
94,19.0,0.04999999999999998,0.0,2
75,19.0,0.04999999999999998,0.0,2
148,19.0,0.04999999999999998,0.0,2
700,19.0,0.04999999999999998,0.0,2
204,19.0,0.04999999999999998,0.0,2
700,19.0,0.04999999999999998,0.0,1
90,19.0,0.04999999999999998,0.0,2
121,19.0,0.04999999999999998,0.0,2
85,19.0,0.04999999999999998,0.0,2
102,19.0,0.04999999999999998,0.0,2
700,19.0,0.04999999999999998,0.0,1
700,19.0,0.04999999999999998,0.0,1
76,19.0,0.04999999999999998,0.0,2
414,19.0,0.04999999999999998,0.0,2
93,19.0,0.04999999999999998,0.0,2
119,19.0,0.04999999999999998,0.0,2
135,19.0,0.04999999999999998,0.0,2
122,19.0,0.04999999999999998,0.0,2
95,19.0,0.04999999999999998,0.0,2
92,19.0,0.04999999999999998,0.0,2
645,19.0,0.04999999999999998,0.0,2
700,19.0,0.04999999999999998,0.0,2
117,19.0,0.04999999999999998,0.0,2
95,19.0,0.04999999999999998,0.0,2
503,19.0,0.04999999999999998,0.0,2
80,19.0,0.04999999999999998,0.0,2
700,19.0,0.04999999999999998,0.0,2
700,19.0,0.04999999999999998,0.0,2
63,19.0,0.04999999999999998,0.0,2
214,19.0,0.04999999999999998,0.0,2
78,19.0,0.04999999999999998,0.0,2
92,19.0,0.04999999999999998,0.0,2
79,19.0,0.04999999999999998,0.0,2
118,19.0,0.04999999999999998,0.0,2
70,19.0,0.04999999999999998,0.0,2
95,19.0,0.04999999999999998,0.0,2
700,19.0,0.04999999999999998,0.0,1
71,19.0,0.04999999999999998,0.0,2
700,19.0,0.04999999999999998,0.0,2
98,19.0,0.04999999999999998,0.0,2
700,19.0,0.04999999999999998,0.0,2
83,19.0,0.04999999999999998,0.0,2
400,19.0,0.04999999999999998,0.0,2
211,19.0,0.04999999999999998,0.0,2
700,19.0,0.04999999999999998,0.0,1
700,19.0,0.04999999999999998,0.0,2
700,19.0,0.04999999999999998,0.0,2
126,19.0,0.04999999999999998,0.0,2
700,19.0,0.04999999999999998,0.0,2
700,19.0,0.04999999999999998,0.0,1
384,19.0,0.04999999999999998,0.0,2
700,19.0,0.04999999999999998,0.0,1
89,19.0,0.04999999999999998,0.0,2
113,19.0,0.04999999999999998,0.0,2
700,19.0,0.04999999999999998,0.0,2
116,19.0,0.04999999999999998,0.0,2
166,19.0,0.04999999999999998,0.0,2
101,19.0,0.04999999999999998,0.0,2
700,19.0,0.04999999999999998,0.0,2
83,19.0,0.04999999999999998,0.0,2
156,19.0,0.04999999999999998,0.0,2
115,19.0,0.04999999999999998,0.0,2
72,19.0,0.04999999999999998,0.0,2
700,19.0,0.04999999999999998,0.0,1
700,19.0,0.04999999999999998,0.0,2
700,19.0,0.04999999999999998,0.0,2
700,19.0,0.04999999999999998,0.0,2
700,19.0,0.04999999999999998,0.0,2
700,19.0,0.04999999999999998,0.0,2
70,19.0,0.04999999999999998,0.0,2
107,19.0,0.04999999999999998,0.0,2
186,19.0,0.04999999999999998,0.0,2
102,19.0,0.04999999999999998,0.0,2
700,19.0,0.04999999999999998,0.0,1
121,19.0,0.04999999999999998,0.0,2
132,19.0,0.04999999999999998,0.0,2
104,19.0,0.04999999999999998,0.0,2
700,19.0,0.04999999999999998,0.0,2
114,19.0,0.04999999999999998,0.0,2
700,19.0,0.04999999999999998,0.0,1
200,19.0,0.04999999999999998,0.0,2
700,19.0,0.04999999999999998,0.0,2
105,19.0,0.04999999999999998,0.0,2
86,19.0,0.04999999999999998,0.0,2
124,19.0,0.04999999999999998,0.0,2
93,19.0,0.04999999999999998,0.0,2
103,19.0,0.04999999999999998,0.0,2
700,19.0,0.04999999999999998,0.0,2
135,19.0,0.04999999999999998,0.0,2
97,19.0,0.04999999999999998,0.0,2
700,19.0,0.04999999999999998,0.0,2
700,19.0,0.04999999999999998,0.0,2
87,19.0,0.04999999999999998,0.0,2
177,19.0,0.04999999999999998,0.0,2
96,19.0,0.04999999999999998,0.0,2
700,19.0,0.04999999999999998,0.0,2
95,19.0,0.04999999999999998,0.0,2
96,19.0,0.04999999999999998,0.0,2
700,19.0,0.04999999999999998,0.0,1
73,19.0,0.04999999999999998,0.0,2
700,19.0,0.04999999999999998,0.0,1
700,19.0,0.04999999999999998,0.0,2
130,19.0,0.04999999999999998,0.0,2
113,19.0,0.04999999999999998,0.0,2
210,19.0,0.04999999999999998,0.0,2
74,19.0,0.04999999999999998,0.0,2
281,19.0,0.04999999999999998,0.0,2
277,19.0,0.04999999999999998,0.0,2
700,19.0,0.04999999999999998,0.0,2
700,19.0,0.04999999999999998,0.0,1
98,19.0,0.04999999999999998,0.0,2
88,19.0,0.04999999999999998,0.0,2
700,19.0,0.04999999999999998,0.0,1
700,19.0,0.04999999999999998,0.0,1
134,19.0,0.04999999999999998,0.0,2
200,19.0,0.04999999999999998,0.0,2
700,19.0,0.04999999999999998,0.0,2
104,19.0,0.04999999999999998,0.0,2
700,19.0,0.04999999999999998,0.0,1
426,19.0,0.04999999999999998,0.0,2
81,19.0,0.04999999999999998,0.0,2
105,19.0,0.04999999999999998,0.0,2
124,19.0,0.04999999999999998,0.0,2
104,19.0,0.04999999999999998,0.0,2
121,19.0,0.04999999999999998,0.0,2
190,19.0,0.04999999999999998,0.0,2
700,19.0,0.04999999999999998,0.0,2
97,19.0,0.04999999999999998,0.0,2
152,19.0,0.04999999999999998,0.0,2
98,19.0,0.04999999999999998,0.0,2
106,19.0,0.04999999999999998,0.0,2
168,19.0,0.04999999999999998,0.0,2
173,19.0,0.04999999999999998,0.0,2
700,19.0,0.04999999999999998,0.0,2
128,19.0,0.04999999999999998,0.0,2
106,19.0,0.04999999999999998,0.0,2
283,19.0,0.04999999999999998,0.0,2
130,19.0,0.04999999999999998,0.0,2
136,19.0,0.04999999999999998,0.0,2
101,19.0,0.04999999999999998,0.0,2
700,19.0,0.04999999999999998,0.0,2
700,19.0,0.04999999999999998,0.0,1
112,19.0,0.04999999999999998,0.0,2
86,19.0,0.04999999999999998,0.0,2
700,19.0,0.04999999999999998,0.0,2
700,19.0,0.04999999999999998,0.0,2
112,19.0,0.04999999999999998,0.0,2
700,19.0,0.04999999999999998,0.0,2
206,19.0,0.04999999999999998,0.0,2
129,19.0,0.04999999999999998,0.0,2
84,19.0,0.04999999999999998,0.0,2
700,19.0,0.04999999999999998,0.0,2
88,19.0,0.04999999999999998,0.0,2
168,19.0,0.04999999999999998,0.0,2
700,19.0,0.04999999999999998,0.0,2
700,19.0,0.04999999999999998,0.0,1
219,19.0,0.04999999999999998,0.0,2
102,19.0,0.04999999999999998,0.0,2
700,19.0,0.04999999999999998,0.0,2
86,19.0,0.04999999999999998,0.0,2
700,19.0,0.04999999999999998,0.0,2
112,19.0,0.04999999999999998,0.0,2
87,19.0,0.04999999999999998,0.0,2
73,19.0,0.04999999999999998,0.0,2
93,19.0,0.04999999999999998,0.0,2
136,19.0,0.04999999999999998,0.0,2
700,19.0,0.04999999999999998,0.0,2
88,19.0,0.04999999999999998,0.0,2
